{
  "name": "nn40",
  "vendorId": "0xBEEF",
  "productId": "0x0000",
  "lighting": "none",
  "matrix": {"rows": 4, "cols": 12},
  "layouts": {
      "labels":[
          [
              "Planck",
              "1u",
              "2u",
              "2u+2u",
              "3u+3u",
              "6u"
          ]
      ],
      "keymap": [
          ["0,0","0,1","0,2","0,3","0,4","0,5","0,6","0,7","0,8","0,9","0,10","0,11"],
          ["1,0","1,1","1,2","1,3","1,4","1,5","1,6","1,7","1,8","1,9","1,10","1,11"],
          ["2,0","2,1","2,2","2,3","2,4","2,5","2,6","2,7","2,8","2,9","2,10","2,11"],
          ["3,0","3,1","3,2","3,3\n\n\n0,0","3,4\n\n\n0,0","3,5\n\n\n0,0","3,6\n\n\n0,0","3,7\n\n\n0,0","3,8\n\n\n0,0","3,3\n\n\n0,1","3,4\n\n\n0,1",{"w":2},"3,6\n\n\n0,1","3,7\n\n\n0,1","3,8\n\n\n0,1","3,3\n\n\n0,2",{"w":2},"3,5\n\n\n0,2",{"w":2},"3,7\n\n\n0,2","3,8\n\n\n0,2",{"w":3},"3,4\n\n\n0,3",{"w":3},"3,7\n\n\n0,3",{"w":6},"3,6\n\n\n0,4",{"x":-24},"3,9","3,10","3,11"]
      ]
  },
  "vial": {
      "midi": "advanced"
  }
}
