{
    "manufacturer": "NIUZI",
    "keyboard_name": "NIUZan40",
    "maintainer": "牛子",
    "bootloader": "rp2040",
    "diode_direction": "COL2ROW",
    "features": {
        "command": false,
        "console": false,
        "extrakey": true,
        "mousekey": true,
        "nkro": true,
        "rgblight": true,
        "encoder": true
    },
    "matrix_pins": {
        "cols": [
            "GP0",
            "GP1",
            "GP2",
            "GP3",
            "GP4",
            "GP5",
            "GP8",
            "GP9",
            "GP10",
            "GP11",
            "GP13",
            "GP14"
        ],
        "rows": ["GP6", "GP7", "GP12", "GP18"]
    },
    "encoder": {
        "rotary": [
            {
                "pin_a": "GP19",
                "pin_b": "GP20",
                "resolution": 4
            }
        ]
    },
    "rgblight": {
        "led_count": 3,
        "saturation_steps": 8,
        "brightness_steps": 8,
        "sleep": true,
        "animations": {
            "alternating": true,
            "breathing": true,
            "christmas": true,
            "knight": true,
            "rainbow_mood": true,
            "rainbow_swirl": true,
            "rgb_test": true,
            "snake": true,
            "static_gradient": true,
            "twinkle": true
        }
    },
    "ws2812": {
        "pin": "GP16",
        "driver": "vendor"
    },
    "processor": "RP2040",
    "url": "",
    "usb": {
        "device_version": "1.0.0",
        "pid": "0x0000",
        "vid": "0xBEEF"
    },
    "layouts": {
        "LAYOUT": {
            "layout": [
                {
                    "label": "K00",
                    "matrix": [0, 0],
                    "w": 1,
                    "x": 0,
                    "y": 0
                },
                {
                    "label": "K01",
                    "matrix": [0, 1],
                    "w": 1,
                    "x": 1,
                    "y": 0
                },
                {
                    "label": "K02",
                    "matrix": [0, 2],
                    "w": 1,
                    "x": 2,
                    "y": 0
                },
                {
                    "label": "K03",
                    "matrix": [0, 3],
                    "w": 1,
                    "x": 3,
                    "y": 0
                },
                {
                    "label": "K04",
                    "matrix": [0, 4],
                    "w": 1,
                    "x": 4,
                    "y": 0
                },
                {
                    "label": "K05",
                    "matrix": [0, 5],
                    "w": 1,
                    "x": 5,
                    "y": 0
                },
                {
                    "label": "K06",
                    "matrix": [0, 6],
                    "w": 1,
                    "x": 6,
                    "y": 0
                },
                {
                    "label": "K07",
                    "matrix": [0, 7],
                    "w": 1,
                    "x": 7,
                    "y": 0
                },
                {
                    "label": "K08",
                    "matrix": [0, 8],
                    "w": 1,
                    "x": 8,
                    "y": 0
                },
                {
                    "label": "K09",
                    "matrix": [0, 9],
                    "w": 1,
                    "x": 9,
                    "y": 0
                },
                {
                    "label": "K10",
                    "matrix": [0, 10],
                    "w": 1,
                    "x": 10,
                    "y": 0
                },
                {
                    "label": "K11",
                    "matrix": [0, 11],
                    "w": 1,
                    "x": 11,
                    "y": 0
                },
                {
                    "label": "K12",
                    "matrix": [1, 0],
                    "w": 1,
                    "x": 0,
                    "y": 1
                },
                {
                    "label": "K13",
                    "matrix": [1, 1],
                    "w": 1,
                    "x": 1,
                    "y": 1
                },
                {
                    "label": "K14",
                    "matrix": [1, 2],
                    "w": 1,
                    "x": 2,
                    "y": 1
                },
                {
                    "label": "K15",
                    "matrix": [1, 3],
                    "w": 1,
                    "x": 3,
                    "y": 1
                },
                {
                    "label": "K16",
                    "matrix": [1, 4],
                    "w": 1,
                    "x": 4,
                    "y": 1
                },
                {
                    "label": "K17",
                    "matrix": [1, 5],
                    "w": 1,
                    "x": 5,
                    "y": 1
                },
                {
                    "label": "K18",
                    "matrix": [1, 6],
                    "w": 1,
                    "x": 6,
                    "y": 1
                },
                {
                    "label": "K19",
                    "matrix": [1, 7],
                    "w": 1,
                    "x": 7,
                    "y": 1
                },
                {
                    "label": "K20",
                    "matrix": [1, 8],
                    "w": 1,
                    "x": 8,
                    "y": 1
                },
                {
                    "label": "K21",
                    "matrix": [1, 9],
                    "w": 1,
                    "x": 9,
                    "y": 1
                },
                {
                    "label": "K22",
                    "matrix": [1, 10],
                    "w": 1,
                    "x": 10,
                    "y": 1
                },
                {
                    "label": "K23",
                    "matrix": [1, 11],
                    "w": 1,
                    "x": 11,
                    "y": 1
                },
                {
                    "label": "K24",
                    "matrix": [2, 0],
                    "w": 1,
                    "x": 0,
                    "y": 2
                },
                {
                    "label": "K25",
                    "matrix": [2, 1],
                    "w": 1,
                    "x": 1,
                    "y": 2
                },
                {
                    "label": "K26",
                    "matrix": [2, 2],
                    "w": 1,
                    "x": 2,
                    "y": 2
                },
                {
                    "label": "K27",
                    "matrix": [2, 3],
                    "w": 1,
                    "x": 3,
                    "y": 2
                },
                {
                    "label": "K28",
                    "matrix": [2, 4],
                    "w": 1,
                    "x": 4,
                    "y": 2
                },
                {
                    "label": "K29",
                    "matrix": [2, 5],
                    "w": 1,
                    "x": 5,
                    "y": 2
                },
                {
                    "label": "K30",
                    "matrix": [2, 6],
                    "w": 1,
                    "x": 6,
                    "y": 2
                },
                {
                    "label": "K31",
                    "matrix": [2, 7],
                    "w": 1,
                    "x": 7,
                    "y": 2
                },
                {
                    "label": "K32",
                    "matrix": [2, 8],
                    "w": 1,
                    "x": 8,
                    "y": 2
                },
                {
                    "label": "K33",
                    "matrix": [2, 9],
                    "w": 1,
                    "x": 9,
                    "y": 2
                },
                {
                    "label": "K34",
                    "matrix": [2, 10],
                    "w": 1,
                    "x": 10,
                    "y": 2
                },
                {
                    "label": "K35",
                    "matrix": [2, 11],
                    "w": 1,
                    "x": 11,
                    "y": 2
                },
                {
                    "label": "K36",
                    "matrix": [3, 0],
                    "w": 1,
                    "x": 0,
                    "y": 3
                },
                {
                    "label": "K37",
                    "matrix": [3, 1],
                    "w": 1,
                    "x": 1,
                    "y": 3
                },
                {
                    "label": "K38",
                    "matrix": [3, 2],
                    "w": 1,
                    "x": 2,
                    "y": 3
                },
                {
                    "label": "K39",
                    "matrix": [3, 3],
                    "w": 1,
                    "x": 3,
                    "y": 3
                },
                {
                    "label": "K40",
                    "matrix": [3, 4],
                    "w": 1,
                    "x": 4,
                    "y": 3
                },
                {
                    "label": "K41",
                    "matrix": [3, 5],
                    "w": 1,
                    "x": 5,
                    "y": 3
                },
                {
                    "label": "K42",
                    "matrix": [3, 6],
                    "w": 1,
                    "x": 6,
                    "y": 3
                },
                {
                    "label": "K43",
                    "matrix": [3, 7],
                    "w": 1,
                    "x": 7,
                    "y": 3
                },
                {
                    "label": "K44",
                    "matrix": [3, 8],
                    "w": 1,
                    "x": 8,
                    "y": 3
                },
                {
                    "label": "K45",
                    "matrix": [3, 9],
                    "w": 1,
                    "x": 9,
                    "y": 3
                },
                {
                    "label": "K46",
                    "matrix": [3, 10],
                    "w": 1,
                    "x": 10,
                    "y": 3
                },
                {
                    "label": "K47",
                    "matrix": [3, 11],
                    "w": 1,
                    "x": 11,
                    "y": 3
                }
            ]
        }
    }
}
