{
    "name": "NIUZan40",
    "vendorId": "0xBEEF",
    "productId": "0x0000",
    "lighting": "qmk_rgblight",
    "matrix": { "rows": 4, "cols": 12 },
    "layouts": {
        "labels": [["SPACE","6u", "3+3u", "2u+2u+2u", "2.25u+2.75u"]],
        "keymap": [
            [
                "0,0\n\n\n\n\n\n\n\n\ne",
                "0,1\n\n\n\n\n\n\n\n\ne"],
            [
                "0,2",
                "0,3",
                "0,4",
                "0,5",
                "0,6",
                "0,7",
                "0,8",
                "0,9",
                "0,10",
                { "w": 1.75 },
                "0,11"
            ],
            [
                { "w": 1.25 },
                "1,0",
                "1,1",
                "1,2",
                "1,3",
                "1,4",
                "1,5",
                "1,6",
                "1,7",
                "1,8",
                "1,9",
                "1,10",
                { "w": 1.5 },
                "1,11"
            ],
            [
                { "w": 1.75 },
                "2,0",
                "2,1",
                "2,2",
                "2,3",
                "2,4",
                "2,5",
                "2,6",
                "2,7",
                "2,8",
                "2,9",
                "2,10",
                "2,11"
            ],
            [
                {"x": 0.625, "w": 1.25 },
                "3,0",
                {"w": 1.25 },
                "3,1",
                {"x": 0.25, "y": 0.25, "w": 6 },
                "3,5\n\n\n0,0",
                {"x": 0.25, "y": 0.25, "w": 3},
                "3,3\n\n\n0,1",
                {"w": 3},
                "3,6\n\n\n0,1",
                {"x": 0.25, "y": 0.25,"w": 2},
                "3,3\n\n\n0,2",
                {"w": 2},
                "3,5\n\n\n0,2",
                {"w": 2},
                "3,6\n\n\n0,2",
                {"x": 0.25, "y": 0.25,"w": 2.25},
                "3,3\n\n\n0,3",
                "3,5\n\n\n0,3",
                {"w": 2.75},
                "3,6\n\n\n0,3",
                {  "x": -18.5, "y": -1, "w": 1.25 },
                "3,9",
                { "w": 1.25 },
                "3,10"
            ]
        ]
    },
    "vial": {
        "midi": "advanced"
    }
}
