{
    "name": "nn40",
    "vendorId": "0xBEEF",
    "productId": "0x0000",
    "lighting": "none",
    "matrix": {"rows": 4, "cols": 12},
    "layouts": {
        "labels":[
            [
                "Split space",
                "2.25u+2.75u",
                "7u"
            ]
        ],
        "keymap": [
            ["0,0","0,1","0,2","0,3","0,4","0,5","0,6","0,7","0,8","0,9","0,10","0,11"],
            [{"w":1.25},"1,0","1,1","1,2","1,3","1,4","1,5","1,6","1,7","1,8","1,9",{"w":1.75},"1,11"],
            [{"w":1.75},"2,0","2,1","2,2","2,3","2,4","2,5","2,6","2,7","2,8","2,9",{"w":1.25},"2,11"],
            [{"w":1.25},"3,0\n\n\n0,0","3,1\n\n\n0,0",{"w":1.25},"3,2\n\n\n0,0",{"w":2.25},"3,5\n\n\n0,0",{"w":2.75},"3,6\n\n\n0,0",{"w":1.25},"3,8\n\n\n0,0","3,9\n\n\n0,0",{"w":1.25},"3,11\n\n\n0,0",{"w":1.25},"3,0\n\n\n0,1",{"w":1.25},"3,1\n\n\n0,1",{"w":7},"3,5\n\n\n0,1",{"w":1.25},"3,9\n\n\n0,1",{"w":1.25},"3,11\n\n\n0,1"]
        ]
    },
    "vial": {
        "midi": "advanced"
    }
}
