{
    "name": "nn40",
    "vendorId": "0xBEEF",
    "productId": "0x0000",
    "lighting": "qmk_rgblight",
    "matrix": {
        "rows": 4,
        "cols": 13
    },
    "layouts": {
        "labels": [
            ["BACKSPACE", "7回", "1.5u", "全1u"],
            ["ENTER", "7回", "1.25u", "2.25u", "1.75u"],
            ["SHIFT", "2.25u", "1.25+1u", "1.75u"],
            ["SHIFT", "6u", "3+3u", "2.25+2.75u", "1.75+2", "6.25u"]
        ],
        "keymap": [
            [
                {
                    "w": 1.5
                },
                "0,0\n\n\n0,0",
                "0,1\n\n\n0,0",
                "0,2\n\n\n0,0",
                "0,3\n\n\n0,0",
                "0,4\n\n\n0,0",
                "0,5\n\n\n0,0",
                "0,6\n\n\n0,0",
                "0,7\n\n\n0,0",
                "0,8\n\n\n0,0",
                "0,9\n\n\n0,0",
                "0,10\n\n\n0,0",
                {
                    "x": 0.25,
                    "w": 1.25,
                    "h": 2,
                    "w2": 1.5,
                    "h2": 1,
                    "x2": -0.25
                },
                "1,12\n\n\n0,0"
            ],
            [
                {
                    "w": 1.5
                },
                "0,0\n\n\n0,1",
                "0,1\n\n\n0,1",
                "0,2\n\n\n0,1",
                "0,3\n\n\n0,1",
                "0,4\n\n\n0,1",
                "0,5\n\n\n0,1",
                "0,6\n\n\n0,1",
                "0,7\n\n\n0,1",
                "0,8\n\n\n0,1",
                "0,9\n\n\n0,1",
                "0,10\n\n\n0,1",
                {
                    "w": 1.5
                },
                "0,11\n\n\n0,1"
            ],
            [
                "0,0\n\n\n0,2",
                "0,1\n\n\n0,2",
                "0,2\n\n\n0,2",
                "0,3\n\n\n0,2",
                "0,4\n\n\n0,2",
                "0,5\n\n\n0,2",
                "0,6\n\n\n0,2",
                "0,7\n\n\n0,2",
                "0,8\n\n\n0,2",
                "0,9\n\n\n0,2",
                "0,10\n\n\n0,2",
                "0,11\n\n\n0,2",
                "0,12\n\n\n0,2"
            ],
            [
                {
                    "w": 1.75,
                    "y": -2
                },
                "1,0\n\n\n1,0",
                "1,1\n\n\n1,0",
                "1,2\n\n\n1,0",
                "1,3\n\n\n1,0",
                "1,4\n\n\n1,0",
                "1,5\n\n\n1,0",
                "1,6\n\n\n1,0",
                "1,7\n\n\n1,0",
                "1,8\n\n\n1,0",
                "1,9\n\n\n1,0",
                "1,10\n\n\n1,0"
            ],
            [
                {
                    "w": 1.75
                },
                "1,0\n\n\n1,1",
                "1,1\n\n\n1,1",
                "1,2\n\n\n1,1",
                "1,3\n\n\n1,1",
                "1,4\n\n\n1,1",
                "1,5\n\n\n1,1",
                "1,6\n\n\n1,1",
                "1,7\n\n\n1,1",
                "1,8\n\n\n1,1",
                "1,9\n\n\n1,1",
                "1,10\n\n\n1,1",
                {
                    "w": 1.25
                },
                "1,11\n\n\n1,1"
            ],
            [
                {
                    "w": 1.75
                },
                "1,0\n\n\n1,2",
                "1,1\n\n\n1,2",
                "1,2\n\n\n1,2",
                "1,3\n\n\n1,2",
                "1,4\n\n\n1,2",
                "1,5\n\n\n1,2",
                "1,6\n\n\n1,2",
                "1,7\n\n\n1,2",
                "1,8\n\n\n1,2",
                "1,9\n\n\n1,2",
                {
                    "w": 2.25
                },
                "1,11\n\n\n1,2"
            ],
            [
                {
                    "w": 1.25
                },
                "1,0\n\n\n1,3",
                "1,1\n\n\n1,3",
                "1,2\n\n\n1,3",
                "1,3\n\n\n1,3",
                "1,4\n\n\n1,3",
                "1,5\n\n\n1,3",
                "1,6\n\n\n1,3",
                "1,7\n\n\n1,3",
                "1,8\n\n\n1,3",
                "1,9\n\n\n1,3",
                "1,10\n\n\n1,3",
                {
                    "w": 1.75
                },
                "1,11\n\n\n1,3"
            ],
            [
                {
                    "w": 2.25,
                    "y": -3
                },
                "2,0\n\n\n2,0",
                "2,2\n\n\n2,0",
                "2,3\n\n\n2,0",
                "2,4\n\n\n2,0",
                "2,5\n\n\n2,0",
                "2,6\n\n\n2,0",
                "2,7\n\n\n2,0",
                "2,8\n\n\n2,0",
                "2,9\n\n\n2,0",
                "2,10\n\n\n2,0",
                {
                    "w": 1.75
                },
                "2,12\n\n\n2,0"
            ],
            [
                {
                    "w": 1.25
                },
                "2,0\n\n\n2,1",
                "2,1\n\n\n2,1",
                "2,2\n\n\n2,1",
                "2,3\n\n\n2,1",
                "2,4\n\n\n2,1",
                "2,5\n\n\n2,1",
                "2,6\n\n\n2,1",
                "2,7\n\n\n2,1",
                "2,8\n\n\n2,1",
                "2,9\n\n\n2,1",
                "2,10\n\n\n2,1",
                {
                    "w": 1.75
                },
                "2,12\n\n\n2,1"
            ],
            [
                {
                    "w": 1.75
                },
                "2,0\n\n\n2,2",
                "2,2\n\n\n2,2",
                "2,3\n\n\n2,2",
                "2,4\n\n\n2,2",
                "2,5\n\n\n2,2",
                "2,6\n\n\n2,2",
                "2,7\n\n\n2,2",
                "2,8\n\n\n2,2",
                "2,9\n\n\n2,2",
                "2,10\n\n\n2,2",
                "2,11\n\n\n2,2",
                {
                    "w": 1.25
                },
                "2,12\n\n\n2,2"
            ],
            [
                {
                    "w": 1.25,
                    "y": -2
                },
                "3,0\n\n\n3,0",
                "3,1\n\n\n3,0",
                {
                    "w": 1.25
                },
                "3,2\n\n\n3,0",
                {
                    "w": 6
                },
                "3,6\n\n\n3,0",
                "3,9\n\n\n3,0",
                {
                    "w": 1.25
                },
                "3,10\n\n\n3,0",
                {
                    "w": 1.25
                },
                "3,11\n\n\n3,0"
            ],
            [
                {
                    "w": 1.25
                },
                "3,0\n\n\n3,1",
                "3,1\n\n\n3,1",
                {
                    "w": 1.25
                },
                "3,2\n\n\n3,1",
                {
                    "w": 3
                },
                "3,4\n\n\n3,1",
                {
                    "w": 3
                },
                "3,7\n\n\n3,1",
                "3,9\n\n\n3,1",
                {
                    "w": 1.25
                },
                "3,10\n\n\n3,1",
                {
                    "w": 1.25
                },
                "3,11\n\n\n3,1"
            ],
            [
                {
                    "w": 1.25
                },
                "3,0\n\n\n3,2",
                "3,1\n\n\n3,2",
                {
                    "w": 1.25
                },
                "3,2\n\n\n3,2",
                {
                    "w": 2.25
                },
                "3,4\n\n\n3,2",
                "3,6\n\n\n3,2",
                {
                    "w": 2.75
                },
                "3,7\n\n\n3,2",
                "3,9\n\n\n3,2",
                {
                    "w": 1.25
                },
                "3,10\n\n\n3,2",
                {
                    "w": 1.25
                },
                "3,11\n\n\n3,2"
            ],
            [
                {
                    "w": 1.125,
                    "d":true
                },
                "3,0\n\n\n3,3",
                "3,1\n\n\n3,3",
                {
                    "w": 1.25
                },
                "3,2\n\n\n3,3",
                {
                    "w": 1.25
                },
                "3,3\n\n\n3,3",
                {
                    "w": 1.75
                },
                "3,5\n\n\n3,3",
                {
                    "w": 2
                },
                "3,7\n\n\n3,3",
                {
                    "w": 1.25
                },
                "3,8\n\n\n3,3",
                {
                    "w": 1.25
                },
                "3,9\n\n\n3,3",
                "3,10\n\n\n3,3"
            ],
            [
                {"w": 1.125,"d":true},
                "3,0\n\n\n3,4",
                "3,1\n\n\n3,4",
                {
                    "w": 1.25
                },
                "3,2\n\n\n3,4",
                {
                    "w": 6.25
                },
                "3,6\n\n\n3,4",
                {
                    "w": 1.25
                },
                "3,9\n\n\n3,4",
                "3,10\n\n\n3,4"
            ]
        ]
    },
    "vial": {
        "midi": "advanced"
    }
}
