{
    "name": "nn40",
    "vendorId": "0xBEEF",
    "productId": "0x0000",
    "lighting": "qmk_rgblight",
    "matrix": { "rows": 4, "cols": 14 },
    "layouts": {
        "keymap": [
            [{"r":7,"rx":12,"ry":4.25,"y":-3,"x":-11},"0,1","0,2","0,3","0,4","0,5","0,6"],
            [{"x":-11.5,"w":1.75},"1,1","1,2","1,3","1,4","1,5","1,6"],
            [{"x":-11.75,"w":1.5},"2,0","2,1","2,2","2,3","2,4","2,5","2,6"],
            [{"x":-11.25,"w":1.5},"3,1",{"x":1.75,"w":1.25},"3,3",{"w":2},"3,5"],
            [{"r":-7,"y":-5,"x":-3.5},"0,7","0,8","0,9","0,10","0,11","0,12"],
            [{"x":-3.25},"1,7","1,8","1,9","1,10","1,11","1,12"],
            [{"x":-3.75},"2,7","2,8","2,9","2,10","2,11","2,12","2,13"],
            [{"x":-3.5,"w":2.25},"3,7","3,9",{"x":1.5,"w":1.5},"3,11"]
        ]
    },
    "vial": {
        "midi": "advanced"
    }
}
