{
    "manufacturer": "MECHA08",
    "keyboard_name": "MECHA08",
    "maintainer": "MECHA",
    "bootloader": "rp2040",
    "diode_direction": "COL2ROW",
    "features": {
        "command": false,
        "console": false,
        "extrakey": true,
        "mousekey": true,
        "nkro": true,
        "rgb_matrix": true
    },
    "matrix_pins": {
        "cols": ["GP9", "GP8", "GP7", "GP6", "GP5", "GP4", "GP3", "GP2", "GP1", "GP0", "GP12", "GP11", "GP10", "GP21", "GP20", "GP19", "GP18"],
        "rows": ["GP13", "GP14", "GP15", "GP24", "GP23", "GP22"]
    },
    "rgb_matrix": {
        "animations": {
            "gradient_up_down": true,
            "gradient_left_right": true,
            "breathing": true,
            "band_sat": true,
            "band_val": true,
            "band_pinwheel_sat": true,
            "band_pinwheel_val": true,
            "band_spiral_sat": true,
            "band_spiral_val": true,
            "cycle_all": true,
            "cycle_left_right": true,
            "cycle_up_down": true,
            "rainbow_moving_chevron":true,
            "cycle_out_in": true,
            "cycle_out_in_dual": true,
            "cycle_pinwheel": true,
            "cycle_spiral": true,
            "dual_beacon": true,
            "rainbow_beacon": true,
            "rainbow_pinwheels": true,
            "raindrops": true,
            "jellybean_raindrops": true,
	        "hue_breathing": true,
            "hue_pendulum": true,
            "hue_wave": true,
            "typing_heatmap": true,
            "solid_reactive_simple": true,
	        "solid_reactive": true,
            "solid_reactive_wide": true,
            "solid_reactive_multiwide": true,
            "solid_reactive_cross": true,
            "solid_reactive_multicross": true,
            "solid_reactive_nexus": true,
            "solid_reactive_multinexus": true,
            "splash": true,
            "multisplash": true,
            "solid_splash": true,
            "solid_multisplash": true
        },
        "driver": "ws2812",
        "sleep": true
    },
    "ws2812": {
        "pin": "GP17",
        "driver": "vendor"
    },
    "processor": "RP2040",
    "url": "",
    "usb": {
        "device_version": "1.0.0",
        "pid": "0x0000",
        "vid": "0xBEEF"
    },
    "layouts": {
        "LAYOUT": {
            "layout": [
                { "label": "K00", "matrix": [0, 0], "w": 1, "x": 0, "y": 0 },
                { "label": "K01", "matrix": [0, 1], "w": 1, "x": 1, "y": 0 },
                { "label": "K02", "matrix": [0, 2], "w": 1, "x": 2, "y": 0 },
                { "label": "K03", "matrix": [0, 3], "w": 1, "x": 3, "y": 0 },
                { "label": "K04", "matrix": [0, 4], "w": 1, "x": 4, "y": 0 },
                { "label": "K05", "matrix": [0, 5], "w": 1, "x": 5, "y": 0 },
                { "label": "K06", "matrix": [0, 6], "w": 1, "x": 6, "y": 0 },
                { "label": "K07", "matrix": [0, 7], "w": 1, "x": 7, "y": 0 },
                { "label": "K08", "matrix": [0, 8], "w": 1, "x": 8, "y": 0 },
                { "label": "K09", "matrix": [0, 9], "w": 1, "x": 9, "y": 0 },
                { "label": "K10", "matrix": [0, 10], "w": 1, "x": 10, "y": 0 },
                { "label": "K11", "matrix": [0, 11], "w": 1, "x": 11, "y": 0 },
                { "label": "K12", "matrix": [0, 12], "w": 1, "x": 12, "y": 0 },
                { "label": "K13", "matrix": [0, 13], "w": 1, "x": 13, "y": 0 },
                { "label": "K14", "matrix": [0, 14], "w": 1, "x": 14, "y": 0 },
                { "label": "K15", "matrix": [0, 15], "w": 1, "x": 15, "y": 0 },
                { "label": "K16", "matrix": [0, 16], "w": 1, "x": 16, "y": 0 },
                { "label": "K17", "matrix": [1, 0], "w": 1, "x": 0, "y": 1 },
                { "label": "K18", "matrix": [1, 1], "w": 1, "x": 1, "y": 1 },
                { "label": "K19", "matrix": [1, 2], "w": 1, "x": 2, "y": 1 },
                { "label": "K20", "matrix": [1, 3], "w": 1, "x": 3, "y": 1 },
                { "label": "K21", "matrix": [1, 4], "w": 1, "x": 4, "y": 1 },
                { "label": "K22", "matrix": [1, 5], "w": 1, "x": 5, "y": 1 },
                { "label": "K23", "matrix": [1, 6], "w": 1, "x": 6, "y": 1 },
                { "label": "K24", "matrix": [1, 7], "w": 1, "x": 7, "y": 1 },
                { "label": "K25", "matrix": [1, 8], "w": 1, "x": 8, "y": 1 },
                { "label": "K26", "matrix": [1, 9], "w": 1, "x": 9, "y": 1 },
                { "label": "K27", "matrix": [1, 10], "w": 1, "x": 10, "y": 1 },
                { "label": "K28", "matrix": [1, 11], "w": 1, "x": 11, "y": 1 },
                { "label": "K29", "matrix": [1, 12], "w": 1, "x": 12, "y": 1 },
                { "label": "K30", "matrix": [1, 13], "w": 1, "x": 13, "y": 1 },
                { "label": "K31", "matrix": [1, 14], "w": 1, "x": 14, "y": 1 },
                { "label": "K32", "matrix": [1, 15], "w": 1, "x": 15, "y": 1 },
                { "label": "K33", "matrix": [1, 16], "w": 1, "x": 16, "y": 1 },
                { "label": "K34", "matrix": [2, 0], "w": 1, "x": 0, "y": 2 },
                { "label": "K35", "matrix": [2, 1], "w": 1, "x": 1, "y": 2 },
                { "label": "K36", "matrix": [2, 2], "w": 1, "x": 2, "y": 2 },
                { "label": "K37", "matrix": [2, 3], "w": 1, "x": 3, "y": 2 },
                { "label": "K38", "matrix": [2, 4], "w": 1, "x": 4, "y": 2 },
                { "label": "K39", "matrix": [2, 5], "w": 1, "x": 5, "y": 2 },
                { "label": "K40", "matrix": [2, 6], "w": 1, "x": 6, "y": 2 },
                { "label": "K41", "matrix": [2, 7], "w": 1, "x": 7, "y": 2 },
                { "label": "K42", "matrix": [2, 8], "w": 1, "x": 8, "y": 2 },
                { "label": "K43", "matrix": [2, 9], "w": 1, "x": 9, "y": 2 },
                { "label": "K44", "matrix": [2, 10], "w": 1, "x": 10, "y": 2 },
                { "label": "K45", "matrix": [2, 11], "w": 1, "x": 11, "y": 2 },
                { "label": "K46", "matrix": [2, 12], "w": 1, "x": 12, "y": 2 },
                { "label": "K47", "matrix": [2, 13], "w": 1, "x": 13, "y": 2 },
                { "label": "K48", "matrix": [2, 14], "w": 1, "x": 14, "y": 2 },
                { "label": "K49", "matrix": [2, 15], "w": 1, "x": 15, "y": 2 },
                { "label": "K50", "matrix": [2, 16], "w": 1, "x": 16, "y": 2 },
                { "label": "K51", "matrix": [3, 0], "w": 1, "x": 0, "y": 3 },
                { "label": "K52", "matrix": [3, 1], "w": 1, "x": 1, "y": 3 },
                { "label": "K53", "matrix": [3, 2], "w": 1, "x": 2, "y": 3 },
                { "label": "K54", "matrix": [3, 3], "w": 1, "x": 3, "y": 3 },
                { "label": "K55", "matrix": [3, 4], "w": 1, "x": 4, "y": 3 },
                { "label": "K56", "matrix": [3, 5], "w": 1, "x": 5, "y": 3 },
                { "label": "K57", "matrix": [3, 6], "w": 1, "x": 6, "y": 3 },
                { "label": "K58", "matrix": [3, 7], "w": 1, "x": 7, "y": 3 },
                { "label": "K59", "matrix": [3, 8], "w": 1, "x": 8, "y": 3 },
                { "label": "K60", "matrix": [3, 9], "w": 1, "x": 9, "y": 3 },
                { "label": "K61", "matrix": [3, 10], "w": 1, "x": 10, "y": 3 },
                { "label": "K62", "matrix": [3, 11], "w": 1, "x": 11, "y": 3 },
                { "label": "K63", "matrix": [3, 12], "w": 1, "x": 12, "y": 3 },
                { "label": "K64", "matrix": [3, 13], "w": 1, "x": 13, "y": 3 },
                { "label": "K65", "matrix": [3, 14], "w": 1, "x": 14, "y": 3 },
                { "label": "K66", "matrix": [3, 15], "w": 1, "x": 15, "y": 3 },
                { "label": "K67", "matrix": [3, 16], "w": 1, "x": 16, "y": 3 },
                { "label": "K68", "matrix": [4, 0], "w": 1, "x": 0, "y": 4 },
                { "label": "K69", "matrix": [4, 1], "w": 1, "x": 1, "y": 4 },
                { "label": "K70", "matrix": [4, 2], "w": 1, "x": 2, "y": 4 },
                { "label": "K71", "matrix": [4, 3], "w": 1, "x": 3, "y": 4 },
                { "label": "K72", "matrix": [4, 4], "w": 1, "x": 4, "y": 4 },
                { "label": "K73", "matrix": [4, 5], "w": 1, "x": 5, "y": 4 },
                { "label": "K74", "matrix": [4, 6], "w": 1, "x": 6, "y": 4 },
                { "label": "K75", "matrix": [4, 7], "w": 1, "x": 7, "y": 4 },
                { "label": "K76", "matrix": [4, 8], "w": 1, "x": 8, "y": 4 },
                { "label": "K77", "matrix": [4, 9], "w": 1, "x": 9, "y": 4 },
                { "label": "K78", "matrix": [4, 10], "w": 1, "x": 10, "y": 4 },
                { "label": "K79", "matrix": [4, 11], "w": 1, "x": 11, "y": 4 },
                { "label": "K80", "matrix": [4, 12], "w": 1, "x": 12, "y": 4 },
                { "label": "K81", "matrix": [4, 13], "w": 1, "x": 13, "y": 4 },
                { "label": "K82", "matrix": [4, 14], "w": 1, "x": 14, "y": 4 },
                { "label": "K83", "matrix": [4, 15], "w": 1, "x": 15, "y": 4 },
                { "label": "K84", "matrix": [4, 16], "w": 1, "x": 16, "y": 4 },
                { "label": "K85", "matrix": [5, 0], "w": 1, "x": 0, "y": 5 },
                { "label": "K86", "matrix": [5, 1], "w": 1, "x": 1, "y": 5 },
                { "label": "K87", "matrix": [5, 2], "w": 1, "x": 2, "y": 5 },
                { "label": "K88", "matrix": [5, 3], "w": 1, "x": 3, "y": 5 },
                { "label": "K89", "matrix": [5, 4], "w": 1, "x": 4, "y": 5 },
                { "label": "K90", "matrix": [5, 5], "w": 1, "x": 5, "y": 5 },
                { "label": "K91", "matrix": [5, 6], "w": 1, "x": 6, "y": 5 },
                { "label": "K92", "matrix": [5, 7], "w": 1, "x": 7, "y": 5 },
                { "label": "K93", "matrix": [5, 8], "w": 1, "x": 8, "y": 5 },
                { "label": "K94", "matrix": [5, 9], "w": 1, "x": 9, "y": 5 },
                { "label": "K95", "matrix": [5, 10], "w": 1, "x": 10, "y": 5 },
                { "label": "K96", "matrix": [5, 11], "w": 1, "x": 11, "y": 5 },
                { "label": "K97", "matrix": [5, 12], "w": 1, "x": 12, "y": 5 },
                { "label": "K98", "matrix": [5, 13], "w": 1, "x": 13, "y": 5 },
                { "label": "K99", "matrix": [5, 14], "w": 1, "x": 14, "y": 5 },
                { "label": "K100", "matrix": [5, 15], "w": 1, "x": 15, "y": 5 },
                { "label": "K101", "matrix": [5, 16], "w": 1, "x": 16, "y": 5 }
            ]
        }
    }
}
