{
    "name": "GB34",
    "vendorId": "0xBEEF",
    "productId": "0x0000",
    "lighting": "none",
    "matrix": { "rows": 4, "cols": 11 },
    "layouts": {
        "labels": [
            ["ROW-2", "1u", "1.25u"],
            ["ROW-3", "1u", "1.75u"],
            ["SPACE", "1u", "2u", "2u+2u", "3u+3u", "6u"]
        ],
        "keymap": [
            [
                "0,0",
                "0,1",
                "0,2",
                "0,3",
                "0,4",
                "0,5",
                "0,6",
                "0,7",
                "0,8",
                "0,9",
                "0,10"
            ],
            [
                "1,0\n\n\n0,0",
                "1,1\n\n\n0,0",
                "1,2\n\n\n0,0",
                "1,3\n\n\n0,0",
                "1,4\n\n\n0,0",
                "1,5\n\n\n0,0",
                "1,6\n\n\n0,0",
                "1,7\n\n\n0,0",
                "1,8\n\n\n0,0",
                "1,9\n\n\n0,0",
                "1,10\n\n\n0,0"
            ],
            [
                { "w": 1.25 },
                "1,0\n\n\n0,1",
                "1,2\n\n\n0,1",
                "1,3\n\n\n0,1",
                "1,4\n\n\n0,1",
                "1,5\n\n\n0,1",
                "1,6\n\n\n0,1",
                "1,7\n\n\n0,1",
                "1,8\n\n\n0,1",
                "1,9\n\n\n0,1",
                { "w": 1.75 },
                "1,10\n\n\n0,1"
            ],
            [
                { "y": -1 },
                "2,0\n\n\n1,0",
                "2,1\n\n\n1,0",
                "2,2\n\n\n1,0",
                "2,3\n\n\n1,0",
                "2,4\n\n\n1,0",
                "2,5\n\n\n1,0",
                "2,6\n\n\n1,0",
                "2,7\n\n\n1,0",
                "2,8\n\n\n1,0",
                "2,9\n\n\n1,0",
                "2,10\n\n\n1,0"
            ],
            [
                { "w": 1.75 },
                "2,0\n\n\n1,1",
                "2,1\n\n\n1,1",
                "2,2\n\n\n1,1",
                "2,3\n\n\n1,1",
                "2,4\n\n\n1,1",
                "2,5\n\n\n1,1",
                "2,6\n\n\n1,1",
                "2,7\n\n\n1,1",
                "2,8\n\n\n1,1",
                { "w": 1.25 },
                "2,9\n\n\n1,1"
            ],
            [
                { "y": -1,"x":1.5 },
                "3,1\n\n\n2,0",
                "3,3\n\n\n2,0",
                "3,4\n\n\n2,0",
                "3,5\n\n\n2,0",
                "3,6\n\n\n2,0",
                "3,7\n\n\n2,0",
                "3,8\n\n\n2,0",
                "3,9\n\n\n2,0"
            ],
            [
                "3,1\n\n\n2,1",
                "3,3\n\n\n2,1",
                "3,4\n\n\n2,1",
                { "w": 2 },
                "3,6\n\n\n2,1",
                "3,7\n\n\n2,1",
                "3,8\n\n\n2,1",
                "3,9\n\n\n2,1"
            ],
            [
                "3,1\n\n\n2,2",
                "3,3\n\n\n2,2",
                { "w": 2 },
                "3,5\n\n\n2,2",
                { "w": 2 },
                "3,7\n\n\n2,2",
                "3,8\n\n\n2,2",
                "3,9\n\n\n2,2"
            ],
            [
                "3,1\n\n\n2,3",
                { "w": 3 },
                "3,4\n\n\n2,3",
                { "w": 3 },
                "3,7\n\n\n2,3",
                "3,9\n\n\n2,3"
            ],
            ["3,1\n\n\n2,4", { "w": 6 }, "3,6\n\n\n2,4", "3,9\n\n\n2,4"]
        ]
    },
    "vial": {
        "midi": "advanced"
    }
}
